model,mae,rmse,smape,mase,n_predictions,n_failed_folds
catboost_log,5706.704474830494,17619.789949693943,61.97897250366433,0.8350921843940217,1452,0
randomforest_log,6192.736053788557,17586.060217613995,70.30460321163066,0.8985905619545485,1452,0
xgboost_log,6577.9456637134435,17786.322911872132,76.44801325164752,0.953574789705487,1452,0
seasonal_naive,8294.103305785124,20005.629836927812,79.59521441604352,1.1783902893616574,1452,0
prophet_log,6431.082361555267,17547.867208064607,80.73111459033869,0.9276221678422981,1452,0
xgboost,9158.141457297585,20583.51956468663,88.73486244610305,1.2903696070710695,1452,0
randomforest,8851.973305785126,19148.135706147525,90.23895246848636,1.2646974703317324,1452,0
lgbm_log,7498.530748173129,17014.68239934891,92.14312028942255,1.061332430505866,1452,0
catboost,8473.9255718149,18281.483269386492,95.19079090426523,1.1944381175906904,1452,0
sarimax_log,16191.990413130925,91580.31528586592,95.76163881209168,2.2015015219100214,1452,0
timesfm,6383.750760963797,17387.58285848623,97.06736433188586,0.9222576333169172,1452,0
prophet,7782.107304950157,16803.234512605934,128.95806046140336,1.0908552365810007,1452,0
sarimax,10754.579599957677,21658.15843591204,134.04088233084096,1.4985336098387094,1452,0
lgbm,15758.107539017656,21233.3404213181,151.3541700550216,2.1270885021766017,1452,0
