city,model,step,smape,mase
belo,catboost_log,1,41.730696096611865,0.4445985918319458
belo,catboost_log,2,54.03966722175154,0.6488023357742367
belo,catboost_log,3,59.47951060197271,0.8244880533763781
belo,catboost_log,4,62.21581784047101,0.8963377074644964
belo,catboost_log,5,64.04696904571063,0.9131237153233773
belo,catboost_log,6,66.06529092446799,0.9099296223109559
belo,catboost_log,7,64.60944468822635,0.8968039778031843
belo,catboost_log,8,62.2811973894497,0.8844275198427224
belo,catboost_log,9,64.46900808116261,0.8848327922703642
belo,catboost_log,10,66.21735633576633,0.8963304264948194
belo,catboost_log,11,68.61901635368285,0.9101758289465868
belo,catboost_log,12,69.97369546469842,0.9112556412891927
belo,lgbm_log,1,57.90975197150951,0.49777973419413357
belo,lgbm_log,2,75.12545756414671,0.7405507074466043
belo,lgbm_log,3,82.49640301416598,0.9286058421273469
belo,lgbm_log,4,90.89025805472662,1.0604477646455157
belo,lgbm_log,5,93.71256122461567,1.121607946219708
belo,lgbm_log,6,93.7452056633311,1.162812031961342
belo,lgbm_log,7,95.57020567866266,1.171564380179561
belo,lgbm_log,8,99.25295315592412,1.1961277817717444
belo,lgbm_log,9,99.85632186308078,1.1656999206582017
belo,lgbm_log,10,102.7545187137287,1.172614225254477
belo,lgbm_log,11,105.24879035236836,1.2272605718007608
belo,lgbm_log,12,109.15501621681057,1.2909182598109994
belo,prophet_log,1,73.20300904050056,0.6144784662765748
belo,prophet_log,2,75.78356043315378,0.7786963411113248
belo,prophet_log,3,78.04384106432092,0.9451864189239498
belo,prophet_log,4,79.42525565595125,0.9893664026637264
belo,prophet_log,5,80.16969724248615,0.9859268712167742
belo,prophet_log,6,80.43778426060955,0.9771294084439582
belo,prophet_log,7,80.55553704705545,0.9715184662280272
belo,prophet_log,8,81.0214102958799,0.9681172401836813
belo,prophet_log,9,81.82102050910447,0.966589042423432
belo,prophet_log,10,83.69445197717926,0.968630644044298
belo,prophet_log,11,86.06163676276066,0.9761240791604715
belo,prophet_log,12,88.55617079506226,0.989702633431358
belo,randomforest_log,1,44.60647446581224,0.4301336846102183
belo,randomforest_log,2,60.752898612664694,0.6708533542048501
belo,randomforest_log,3,69.51686221644947,0.8925452252173479
belo,randomforest_log,4,75.12158031215213,1.0017365414086696
belo,randomforest_log,5,78.38060905361662,1.0373111299547393
belo,randomforest_log,6,78.57860120618138,1.0363161819775186
belo,randomforest_log,7,77.38821289779388,1.0144115968175
belo,randomforest_log,8,74.69094719872719,0.993838021242897
belo,randomforest_log,9,73.31993847742561,0.9754302979976918
belo,randomforest_log,10,71.96282524039435,0.9395092155318036
belo,randomforest_log,11,69.95818787675654,0.9097716658128959
belo,randomforest_log,12,69.37810098159393,0.8812298286784508
belo,sarimax_log,1,46.85609097474289,0.43742965587966
belo,sarimax_log,2,73.81261953607982,1.0857595723401328
belo,sarimax_log,3,88.4859332625838,1.4747302470529655
belo,sarimax_log,4,104.88634740186282,1.7384152735937437
belo,sarimax_log,5,108.35055543103853,1.5950092401822187
belo,sarimax_log,6,111.56115172153669,1.43957515537188
belo,sarimax_log,7,112.3602854980422,1.4872673280467512
belo,sarimax_log,8,112.52334722750781,1.5613111109913518
belo,sarimax_log,9,106.1793243449473,1.8746174304561325
belo,sarimax_log,10,97.81911694398669,2.9525331366616396
belo,sarimax_log,11,92.46792303105471,4.645009410904789
belo,sarimax_log,12,93.83697037171692,6.126360701438991
belo,seasonal_naive,1,80.5856060856405,1.0364209519225185
belo,seasonal_naive,2,81.76909829880547,1.2032377593519987
belo,seasonal_naive,3,81.8994368382225,1.3380837392895804
belo,seasonal_naive,4,80.99244590301224,1.2726175506557322
belo,seasonal_naive,5,79.72892876239933,1.2038527291602374
belo,seasonal_naive,6,78.6759474242292,1.17935558709664
belo,seasonal_naive,7,78.3234994101968,1.1649959188607828
belo,seasonal_naive,8,78.49939761778464,1.153351232009389
belo,seasonal_naive,9,78.53027744398189,1.1434941987702654
belo,seasonal_naive,10,78.53767977054501,1.139171688283472
belo,seasonal_naive,11,78.66942476395131,1.1443335011585165
belo,seasonal_naive,12,78.93083067375329,1.1617686157807554
belo,timesfm,1,60.82600670757037,0.3980721176784165
belo,timesfm,2,85.21459274510589,0.7166705905690918
belo,timesfm,3,91.7318109285897,0.9495851645902912
belo,timesfm,4,99.84819573340808,1.0101325375684354
belo,timesfm,5,100.86305517438257,1.009871121618071
belo,timesfm,6,107.99142556966302,1.0050965422233016
belo,timesfm,7,111.95660115314934,1.0068920237673615
belo,timesfm,8,101.81301659153701,0.9869867285813831
belo,timesfm,9,101.71226157618352,0.9907805493389386
belo,timesfm,10,100.0060552959505,0.9940187031663776
belo,timesfm,11,101.70085731875196,0.9944078863488544
belo,timesfm,12,101.1444931883382,1.004577634352484
belo,xgboost_log,1,48.98945026851817,0.4327417274356619
belo,xgboost_log,2,62.347808553017934,0.6885037663253536
belo,xgboost_log,3,71.11622149358737,0.9385512180759982
belo,xgboost_log,4,79.66099642067167,1.0903195031480715
belo,xgboost_log,5,82.31628570660335,1.1461916875774443
belo,xgboost_log,6,86.07868886500971,1.106105075980396
belo,xgboost_log,7,87.31432168569943,1.0889103739560413
belo,xgboost_log,8,84.6873632735752,1.031700148948863
belo,xgboost_log,9,83.77393093307386,0.995727207003071
belo,xgboost_log,10,81.5889340718222,1.0461429320370612
belo,xgboost_log,11,77.83713020906745,0.9725037892568863
belo,xgboost_log,12,71.66502753912376,0.9055000467209949
brasilia,catboost_log,1,44.24786732874837,1.2473458438108322
brasilia,catboost_log,2,62.491234269903444,1.9428510905162506
brasilia,catboost_log,3,71.55049020203344,2.4237951230882984
brasilia,catboost_log,4,79.55557978204396,2.6461667445093853
brasilia,catboost_log,5,83.79180357279101,2.7383379884877717
brasilia,catboost_log,6,82.56874873788442,2.727493027787205
brasilia,catboost_log,7,82.62384915475235,2.716962337860457
brasilia,catboost_log,8,82.6485423406787,2.714879411157722
brasilia,catboost_log,9,82.93415006595079,2.7274195227829665
brasilia,catboost_log,10,81.56285302637643,2.758151811148017
brasilia,catboost_log,11,81.24962596183978,2.8096642996283414
brasilia,catboost_log,12,84.5091927402409,2.906175874496728
brasilia,lgbm_log,1,50.19086309890365,1.336021200590404
brasilia,lgbm_log,2,64.62619791270757,1.9648057441795548
brasilia,lgbm_log,3,75.9946959297998,2.463099133343579
brasilia,lgbm_log,4,87.09073983450102,2.7759151412845404
brasilia,lgbm_log,5,91.91185309129217,2.8534132969858454
brasilia,lgbm_log,6,93.11997290757698,2.877211442432699
brasilia,lgbm_log,7,91.79402187583905,2.838483549133102
brasilia,lgbm_log,8,92.041487164414,2.8291248974670116
brasilia,lgbm_log,9,89.63454213353586,2.7774306251006786
brasilia,lgbm_log,10,89.43630691880469,2.8006493482015444
brasilia,lgbm_log,11,90.58841446110446,2.8703492057304896
brasilia,lgbm_log,12,94.00601567399757,2.9922472390550663
brasilia,prophet_log,1,65.92008935600651,1.7417014851460633
brasilia,prophet_log,2,69.34481595260308,2.2180430331463143
brasilia,prophet_log,3,72.93213952549937,2.5876561112814884
brasilia,prophet_log,4,75.29425937128275,2.686939388038121
brasilia,prophet_log,5,77.63106759767682,2.7354675458157622
brasilia,prophet_log,6,79.7122146841456,2.7496657314578967
brasilia,prophet_log,7,82.97078969474109,2.788350172114435
brasilia,prophet_log,8,85.0866804444966,2.8110059653979986
brasilia,prophet_log,9,85.85558517236358,2.8513469792058985
brasilia,prophet_log,10,85.95251601644047,2.88013379689743
brasilia,prophet_log,11,85.53069413650843,2.9061335914151716
brasilia,prophet_log,12,85.10838012935666,2.933482649035679
brasilia,randomforest_log,1,43.70404485853916,1.256375026273304
brasilia,randomforest_log,2,64.08333913252338,2.0106134385593304
brasilia,randomforest_log,3,75.93328949157949,2.543580956918138
brasilia,randomforest_log,4,85.45176405417138,2.7790379440850588
brasilia,randomforest_log,5,88.94235928962284,2.861812037542614
brasilia,randomforest_log,6,88.64906653475424,2.864191218842735
brasilia,randomforest_log,7,90.28724438992664,2.8661195095893497
brasilia,randomforest_log,8,88.90281687207397,2.8353433662892638
brasilia,randomforest_log,9,89.0178080413898,2.828597246459213
brasilia,randomforest_log,10,87.51341409818087,2.815233900719592
brasilia,randomforest_log,11,86.43275216100776,2.8513005043815376
brasilia,randomforest_log,12,89.25556876144998,2.9522863584458685
brasilia,sarimax_log,1,39.929884704536576,0.927746541831526
brasilia,sarimax_log,2,56.731530018461676,1.8800392285709313
brasilia,sarimax_log,3,65.18499340022393,2.610519493400324
brasilia,sarimax_log,4,76.27050692490585,3.498274091885955
brasilia,sarimax_log,5,83.36112321955025,3.591881330318096
brasilia,sarimax_log,6,85.09600886734613,3.606749920810411
brasilia,sarimax_log,7,89.3300744344252,3.76501535442119
brasilia,sarimax_log,8,92.4279210149631,3.8601009519335885
brasilia,sarimax_log,9,93.5567000622269,4.242171995037793
brasilia,sarimax_log,10,94.6611777329001,4.855275070565773
brasilia,sarimax_log,11,91.6664168874597,5.500197198573097
brasilia,sarimax_log,12,94.57984580199688,6.515001741179866
brasilia,seasonal_naive,1,70.90834153927588,1.9678323729606413
brasilia,seasonal_naive,2,72.29047548923752,2.4003316474334393
brasilia,seasonal_naive,3,73.5495627199336,2.746876451315325
brasilia,seasonal_naive,4,74.17866859978272,2.8486436700073976
brasilia,seasonal_naive,5,74.72633531059483,2.8732720451289646
brasilia,seasonal_naive,6,74.97823034680721,2.8674630495428173
brasilia,seasonal_naive,7,75.38610032384527,2.8553832981960556
brasilia,seasonal_naive,8,75.45504542405389,2.847803017030733
brasilia,seasonal_naive,9,75.11614826174642,2.8564600661739306
brasilia,seasonal_naive,10,74.4845896714966,2.8862755741545305
brasilia,seasonal_naive,11,74.00120277768256,2.936098300919004
brasilia,seasonal_naive,12,74.94678801614252,3.0603640820676774
brasilia,timesfm,1,36.46940021767423,0.9423910425749632
brasilia,timesfm,2,53.85298416973981,1.7853608007223516
brasilia,timesfm,3,62.880287613996224,2.2814660762611942
brasilia,timesfm,4,68.10808076848305,2.4939233470263735
brasilia,timesfm,5,77.40920538763872,2.602360218540336
brasilia,timesfm,6,85.68235221647846,2.633979682324782
brasilia,timesfm,7,84.95428794179843,2.6314569116614344
brasilia,timesfm,8,82.25328903571767,2.6324427831369497
brasilia,timesfm,9,80.72517863624235,2.6398959586294404
brasilia,timesfm,10,86.7380997232142,2.7177612188742586
brasilia,timesfm,11,86.3693040345472,2.7859330026920546
brasilia,timesfm,12,85.70810820598271,2.8543759869476024
brasilia,xgboost_log,1,48.15221009010059,1.2601054198919401
brasilia,xgboost_log,2,68.05330694999074,2.0136385283607505
brasilia,xgboost_log,3,81.92091812096216,2.617457662071125
brasilia,xgboost_log,4,89.4202029747046,2.8642243453667176
brasilia,xgboost_log,5,96.00802914150934,2.9777359671322325
brasilia,xgboost_log,6,99.97710480409195,3.0364672176848013
brasilia,xgboost_log,7,103.01891554084527,3.045636636060471
brasilia,xgboost_log,8,100.89294714548313,3.0337232759328403
brasilia,xgboost_log,9,97.80142347641916,2.9688052340930593
brasilia,xgboost_log,10,96.9523412081436,2.970736575497137
brasilia,xgboost_log,11,100.07204862627903,3.105420033028517
brasilia,xgboost_log,12,101.19008811319118,3.166245710889499
fortaleza,catboost_log,1,42.29995954178919,0.4309272562246204
fortaleza,catboost_log,2,56.31455795519593,0.6078664913806446
fortaleza,catboost_log,3,68.22137536004192,0.7208043468788913
fortaleza,catboost_log,4,74.41426310010912,0.7737004503001625
fortaleza,catboost_log,5,75.74705005099179,0.7872893748167149
fortaleza,catboost_log,6,75.59495855320792,0.7925997369530629
fortaleza,catboost_log,7,76.23438954684198,0.8096303596816498
fortaleza,catboost_log,8,74.85224446765311,0.7983724794009882
fortaleza,catboost_log,9,73.90408226789518,0.8023708566320514
fortaleza,catboost_log,10,73.39848395961539,0.8168155493767064
fortaleza,catboost_log,11,71.42354629517197,0.78170094817949
fortaleza,catboost_log,12,70.80764337780856,0.7789444761826892
fortaleza,lgbm_log,1,46.89204564216226,0.5072015877145716
fortaleza,lgbm_log,2,60.62320700323003,0.6683643053147058
fortaleza,lgbm_log,3,69.32707851810454,0.7552292922239017
fortaleza,lgbm_log,4,74.06197492598778,0.8347793585877241
fortaleza,lgbm_log,5,77.81944629620556,0.8826766952993991
fortaleza,lgbm_log,6,78.71648240938583,0.9307433518501728
fortaleza,lgbm_log,7,80.74696082820157,0.9469139275400513
fortaleza,lgbm_log,8,80.9640208072908,0.9360147078483319
fortaleza,lgbm_log,9,79.77765664536378,0.9568083456254508
fortaleza,lgbm_log,10,76.72816597393528,0.9507397350656434
fortaleza,lgbm_log,11,77.99599894657875,0.9428946368030565
fortaleza,lgbm_log,12,80.3415183659473,0.937844297633882
fortaleza,prophet_log,1,60.43592911904338,0.6753111254727369
fortaleza,prophet_log,2,62.10603939550842,0.7075303776974509
fortaleza,prophet_log,3,63.447223551173536,0.7210396448946331
fortaleza,prophet_log,4,65.16972275563448,0.7298712841743995
fortaleza,prophet_log,5,66.54728423888379,0.7321684795841168
fortaleza,prophet_log,6,67.81567709930566,0.7340762407060318
fortaleza,prophet_log,7,70.0637124564929,0.7423852828839815
fortaleza,prophet_log,8,72.00512581714946,0.7525682103383445
fortaleza,prophet_log,9,74.75037544855437,0.768773641202799
fortaleza,prophet_log,10,76.36359322704075,0.7870274397398472
fortaleza,prophet_log,11,77.93853843925646,0.8107756600656274
fortaleza,prophet_log,12,79.99794646941017,0.8427243761475521
fortaleza,randomforest_log,1,41.19051465475784,0.4190708361874721
fortaleza,randomforest_log,2,56.92077052696988,0.6192669081428274
fortaleza,randomforest_log,3,67.93409174179678,0.7575288965993093
fortaleza,randomforest_log,4,73.6709792767439,0.8091958267313277
fortaleza,randomforest_log,5,75.72044917861892,0.8180157262317546
fortaleza,randomforest_log,6,74.80427493185212,0.7901822943178248
fortaleza,randomforest_log,7,74.01965297520678,0.764650531265041
fortaleza,randomforest_log,8,71.99731945384208,0.7504936995588251
fortaleza,randomforest_log,9,72.41007802843289,0.7660203436086575
fortaleza,randomforest_log,10,70.2110793489188,0.7761729850521207
fortaleza,randomforest_log,11,69.82315554918237,0.7911378967287097
fortaleza,randomforest_log,12,72.0783087038271,0.8217298574580879
fortaleza,sarimax_log,1,37.58249408827849,0.4946871443714989
fortaleza,sarimax_log,2,54.535430877218815,0.8226004165875781
fortaleza,sarimax_log,3,63.00952812577795,0.9796706021548149
fortaleza,sarimax_log,4,69.98329359788667,1.0533023319074544
fortaleza,sarimax_log,5,73.85088815111564,1.0254343144954587
fortaleza,sarimax_log,6,76.44751420736185,1.0142442119072084
fortaleza,sarimax_log,7,80.4666438826861,1.135296387465918
fortaleza,sarimax_log,8,81.69002584070206,1.1202440267761549
fortaleza,sarimax_log,9,82.80855616405177,1.015114302135942
fortaleza,sarimax_log,10,85.51139748705798,1.1772248716490488
fortaleza,sarimax_log,11,87.51671014467343,1.3007134249468755
fortaleza,sarimax_log,12,87.73407621251484,1.6283059993844666
fortaleza,seasonal_naive,1,70.57528747965726,0.7971142100647377
fortaleza,seasonal_naive,2,70.647571333149,0.8074696469180044
fortaleza,seasonal_naive,3,70.35650235608153,0.8110712973548961
fortaleza,seasonal_naive,4,69.68792441308999,0.8062416346789045
fortaleza,seasonal_naive,5,69.17424979401521,0.7988766664529665
fortaleza,seasonal_naive,6,69.16248370311312,0.7927984513113395
fortaleza,seasonal_naive,7,69.47830363938851,0.7865511602101605
fortaleza,seasonal_naive,8,69.37255349330286,0.7789209743987184
fortaleza,seasonal_naive,9,69.25515145773085,0.7733256210714664
fortaleza,seasonal_naive,10,69.4970348045687,0.7717066807867478
fortaleza,seasonal_naive,11,69.32457774956752,0.770953316618203
fortaleza,seasonal_naive,12,69.20466292749889,0.7717476295987257
fortaleza,timesfm,1,42.20458037673322,0.4153799231595356
fortaleza,timesfm,2,52.86993047996611,0.5928566354132996
fortaleza,timesfm,3,61.195895529204776,0.678050443533563
fortaleza,timesfm,4,63.378984209068136,0.7111696821184366
fortaleza,timesfm,5,61.36361115864173,0.7026080099623703
fortaleza,timesfm,6,67.3484685150686,0.7052410687754871
fortaleza,timesfm,7,67.24768784735464,0.6918828905153235
fortaleza,timesfm,8,67.05534889130192,0.6884478045694651
fortaleza,timesfm,9,69.23647471388585,0.6927824916161593
fortaleza,timesfm,10,72.12772062521594,0.6961802543826785
fortaleza,timesfm,11,74.09638383182615,0.699725673111821
fortaleza,timesfm,12,72.26706437034683,0.7092665261405673
fortaleza,xgboost_log,1,44.912331826229604,0.48939905052279736
fortaleza,xgboost_log,2,60.982552332143925,0.6955002189417763
fortaleza,xgboost_log,3,75.61959817563468,0.9492967577860577
fortaleza,xgboost_log,4,83.94043100829975,1.1002002195337783
fortaleza,xgboost_log,5,85.04544174406875,1.0564844461328224
fortaleza,xgboost_log,6,86.43327438931712,1.016488567783214
fortaleza,xgboost_log,7,86.16027889042456,0.9493706861509046
fortaleza,xgboost_log,8,84.6634124559393,0.9074923942952536
fortaleza,xgboost_log,9,86.9307793802362,1.0543098920981577
fortaleza,xgboost_log,10,85.11282104288279,1.0465869125364298
fortaleza,xgboost_log,11,87.14902680319955,1.1266683515196732
fortaleza,xgboost_log,12,89.19229801153286,1.2569089513060705
manaus,catboost_log,1,36.029272160970855,0.10989058163934208
manaus,catboost_log,2,48.66783580508188,0.15481352395719247
manaus,catboost_log,3,55.33568682912616,0.1787818748213611
manaus,catboost_log,4,57.75776029774951,0.18737030753558329
manaus,catboost_log,5,59.425154858776025,0.192281135303252
manaus,catboost_log,6,59.658373047536486,0.19100564543765214
manaus,catboost_log,7,59.94335065036526,0.18980305191356145
manaus,catboost_log,8,58.89147009818055,0.18621374137713373
manaus,catboost_log,9,57.974628655205265,0.18361242421686763
manaus,catboost_log,10,57.876327555471235,0.18362029596918703
manaus,catboost_log,11,58.00431734957741,0.1840358263935059
manaus,catboost_log,12,59.06228824552759,0.18616955045638744
manaus,lgbm_log,1,41.940351714714254,0.1120793235610751
manaus,lgbm_log,2,49.56077319837383,0.1439937975579162
manaus,lgbm_log,3,54.32624741015555,0.16867969547776904
manaus,lgbm_log,4,57.21735228355907,0.18984678423162513
manaus,lgbm_log,5,63.14142035423701,0.20775621107017794
manaus,lgbm_log,6,67.93906891578419,0.22476699149427204
manaus,lgbm_log,7,70.52587704520239,0.2304720925072649
manaus,lgbm_log,8,70.20438038979782,0.23437491210819936
manaus,lgbm_log,9,70.38052315432232,0.24103576032492469
manaus,lgbm_log,10,69.9613359426317,0.23861677879251827
manaus,lgbm_log,11,69.50675540292288,0.23529932615658938
manaus,lgbm_log,12,69.2360555058412,0.2315798566530054
manaus,prophet_log,1,51.2062308441815,0.16022196123699634
manaus,prophet_log,2,52.09575353397874,0.17143456531665446
manaus,prophet_log,3,52.90680614049894,0.17536572374576723
manaus,prophet_log,4,53.5602819038125,0.17546649612976298
manaus,prophet_log,5,54.00385902316577,0.1753461892469379
manaus,prophet_log,6,54.46180543397461,0.17563945515579316
manaus,prophet_log,7,54.48947298063086,0.17483761323996902
manaus,prophet_log,8,54.54507860167196,0.17433809845387335
manaus,prophet_log,9,54.21866155569998,0.17306930572402976
manaus,prophet_log,10,54.62695429426427,0.17303188749336654
manaus,prophet_log,11,54.754400101182824,0.17284540094108233
manaus,prophet_log,12,54.84260226273345,0.17290653799393657
manaus,randomforest_log,1,33.96108137607912,0.102620380658439
manaus,randomforest_log,2,45.25051948605141,0.14463385947803312
manaus,randomforest_log,3,52.4638339731034,0.17197325714756537
manaus,randomforest_log,4,55.71641098081975,0.18306088874687176
manaus,randomforest_log,5,57.407740902029715,0.1882170545524288
manaus,randomforest_log,6,58.03987008124722,0.1879454169315338
manaus,randomforest_log,7,58.1635981797139,0.1873238553705003
manaus,randomforest_log,8,57.79064384443086,0.1853482461130037
manaus,randomforest_log,9,56.58595464328035,0.18246234575195133
manaus,randomforest_log,10,56.94572109135594,0.1817553176703071
manaus,randomforest_log,11,57.07022653590154,0.17995405700288952
manaus,randomforest_log,12,57.16934142437365,0.17983293209025933
manaus,sarimax_log,1,36.99838617289061,0.10054430822519986
manaus,sarimax_log,2,48.8630876627649,0.14268207004043296
manaus,sarimax_log,3,55.48318719478148,0.1717939325755819
manaus,sarimax_log,4,60.93345300454328,0.1988675680860309
manaus,sarimax_log,5,63.89747430855411,0.21564576647452713
manaus,sarimax_log,6,65.85540244951079,0.21624200929545845
manaus,sarimax_log,7,68.80305433696131,0.22988368897090528
manaus,sarimax_log,8,68.54463969587148,0.22906950765492878
manaus,sarimax_log,9,68.6834416276078,0.23585268727846356
manaus,sarimax_log,10,69.27189085294506,0.23962098485437466
manaus,sarimax_log,11,69.80185275426555,0.24000000049082754
manaus,sarimax_log,12,71.22050810057027,0.2603115826200916
manaus,seasonal_naive,1,60.6817282764031,0.20818680758253408
manaus,seasonal_naive,2,60.75062888489016,0.2142429910168086
manaus,seasonal_naive,3,60.557984733429954,0.2146689241979594
manaus,seasonal_naive,4,60.08357218625379,0.2085301841085631
manaus,seasonal_naive,5,59.40003171409869,0.20369300521728834
manaus,seasonal_naive,6,59.05730000612132,0.2012566760205663
manaus,seasonal_naive,7,58.71499334301383,0.19926032382183023
manaus,seasonal_naive,8,58.17738674060961,0.1972129354847281
manaus,seasonal_naive,9,57.88518314220453,0.1956521991370073
manaus,seasonal_naive,10,57.55101438698651,0.19403546765723045
manaus,seasonal_naive,11,57.38301397968258,0.19270074487181865
manaus,seasonal_naive,12,58.73596605963463,0.20602334052586083
manaus,timesfm,1,37.55952614487563,0.10077990757742274
manaus,timesfm,2,44.93866434642198,0.13811511300054113
manaus,timesfm,3,51.76035695578412,0.16527908232639663
manaus,timesfm,4,55.55868941878456,0.18113288064310698
manaus,timesfm,5,59.14203429379713,0.19381188700688426
manaus,timesfm,6,59.815941966694005,0.19590287798282002
manaus,timesfm,7,60.23781519374142,0.19685131787517965
manaus,timesfm,8,59.965565121953816,0.19639345647490447
manaus,timesfm,9,59.020201850509714,0.1932412719215964
manaus,timesfm,10,59.44646484725521,0.19005888754365824
manaus,timesfm,11,62.28896814057397,0.19254763283156245
manaus,timesfm,12,62.72144499027296,0.1918507415871504
manaus,xgboost_log,1,37.09862854272963,0.11362731928630053
manaus,xgboost_log,2,47.36250752754815,0.15826158768278717
manaus,xgboost_log,3,51.14839865366928,0.1812624316875886
manaus,xgboost_log,4,54.89234853783706,0.20093617250078502
manaus,xgboost_log,5,57.587804598934135,0.2125629318043952
manaus,xgboost_log,6,57.41626353632817,0.20906043021941823
manaus,xgboost_log,7,58.98014171376858,0.2081420816909227
manaus,xgboost_log,8,58.18069802889235,0.208393567023522
manaus,xgboost_log,9,60.1195489559006,0.2122439706497238
manaus,xgboost_log,10,58.2911382635446,0.19708621805847507
manaus,xgboost_log,11,57.426831004053845,0.20373371549310912
manaus,xgboost_log,12,58.52375631094381,0.2093493456343214
recife,catboost_log,1,36.95573939494612,0.3410880568435934
recife,catboost_log,2,48.63057685950636,0.45418236149581365
recife,catboost_log,3,55.652612295622944,0.5410444841661849
recife,catboost_log,4,61.153229699125745,0.6030294597872727
recife,catboost_log,5,65.78322428520967,0.6481041786442501
recife,catboost_log,6,69.47684316835668,0.6999940573146816
recife,catboost_log,7,70.72117092181952,0.7246311583400826
recife,catboost_log,8,73.42449355225791,0.7514298517260678
recife,catboost_log,9,75.21940975088312,0.7761640105013667
recife,catboost_log,10,75.66482980001753,0.788005211442159
recife,catboost_log,11,77.56793692632885,0.8088226117883066
recife,catboost_log,12,80.46553340016864,0.8202233608990723
recife,lgbm_log,1,42.310597761342606,0.3850297081131169
recife,lgbm_log,2,56.89533601392757,0.49895455167057323
recife,lgbm_log,3,65.5379805340997,0.5888947622055846
recife,lgbm_log,4,73.22612517673754,0.6948820427320701
recife,lgbm_log,5,78.3410889345006,0.7763426784786525
recife,lgbm_log,6,83.13793760723706,0.8092228865315423
recife,lgbm_log,7,85.9116996861108,0.8551748265252634
recife,lgbm_log,8,87.71574744573081,0.8700993934236633
recife,lgbm_log,9,87.6728184877635,0.8888579940030875
recife,lgbm_log,10,90.14387424686407,0.935486836796666
recife,lgbm_log,11,89.55395596777097,0.956610791370711
recife,lgbm_log,12,89.30767373671232,0.9518026148598906
recife,prophet_log,1,70.0461994943323,0.6417193251560466
recife,prophet_log,2,73.27162037346883,0.6936011936757972
recife,prophet_log,3,76.6411905442477,0.7431372711263047
recife,prophet_log,4,79.58988998589948,0.7769208894496369
recife,prophet_log,5,81.18812773983463,0.7855354965467746
recife,prophet_log,6,82.57206308689541,0.797358239466078
recife,prophet_log,7,83.78309945189729,0.8128045665428361
recife,prophet_log,8,84.26016472569434,0.8237984325225147
recife,prophet_log,9,85.68891101673218,0.8486469483363066
recife,prophet_log,10,86.36472920643865,0.8715087823615867
recife,prophet_log,11,87.22105384445051,0.8929754558973064
recife,prophet_log,12,87.52860474929402,0.9219386902723407
recife,randomforest_log,1,36.396914410630046,0.32995044242206173
recife,randomforest_log,2,48.41390300195326,0.4493098602124313
recife,randomforest_log,3,58.264676296076836,0.5814290128636862
recife,randomforest_log,4,66.21412170605736,0.6744826920765272
recife,randomforest_log,5,70.54830318110395,0.7236020016908876
recife,randomforest_log,6,75.25477230503193,0.7784772208858128
recife,randomforest_log,7,78.49660794454135,0.8241897936654755
recife,randomforest_log,8,78.33438299355313,0.8163572101368577
recife,randomforest_log,9,81.52241544218437,0.8329809198438559
recife,randomforest_log,10,85.5329561977035,0.8685202206478707
recife,randomforest_log,11,85.87800157196314,0.874878440995108
recife,randomforest_log,12,87.40406855335483,0.8907873501089715
recife,sarimax_log,1,41.18935310190091,0.430927199385198
recife,sarimax_log,2,55.846281977991794,0.7278148060121681
recife,sarimax_log,3,71.73240196443673,0.99861725567336
recife,sarimax_log,4,85.18352452508383,1.2676763463708052
recife,sarimax_log,5,91.70078525597631,1.3054579661235872
recife,sarimax_log,6,94.0640935126708,1.3121236520430408
recife,sarimax_log,7,96.09753444632106,1.4019692543054982
recife,sarimax_log,8,99.2650061294023,1.4922638661702814
recife,sarimax_log,9,97.00237800980769,1.601263486867857
recife,sarimax_log,10,102.75493689411176,2.1299485310831323
recife,sarimax_log,11,105.28292519535502,2.9513182344754054
recife,sarimax_log,12,105.67157337183704,4.862942597981396
recife,seasonal_naive,1,80.16112297391433,0.7791623539701302
recife,seasonal_naive,2,81.36909618328428,0.8094824547647655
recife,seasonal_naive,3,82.22037688934792,0.8415917836526973
recife,seasonal_naive,4,82.45289644634485,0.8550182380255366
recife,seasonal_naive,5,82.59267325979317,0.8608596059941855
recife,seasonal_naive,6,83.43780707052247,0.8703232460378361
recife,seasonal_naive,7,83.8158604642247,0.872804522243596
recife,seasonal_naive,8,84.03813606561826,0.875717923358802
recife,seasonal_naive,9,84.41667931473143,0.8814818556379782
recife,seasonal_naive,10,84.73108622610309,0.8879380643763072
recife,seasonal_naive,11,85.44018845532906,0.8990141359857781
recife,seasonal_naive,12,85.2951238190571,0.9066166417364377
recife,timesfm,1,34.99791632951093,0.28901453457846715
recife,timesfm,2,49.963927327604395,0.4263830132591655
recife,timesfm,3,62.143236459343555,0.5369725812950591
recife,timesfm,4,71.72204444621887,0.6043386853812135
recife,timesfm,5,73.95983754580232,0.6227664271025319
recife,timesfm,6,76.05160397182335,0.6453055593326087
recife,timesfm,7,76.77497595455955,0.650362634534018
recife,timesfm,8,74.96821480249618,0.6504657426004652
recife,timesfm,9,74.2860443838462,0.6523797398842223
recife,timesfm,10,72.12180474004053,0.6509291112237848
recife,timesfm,11,70.90870423922314,0.6551740450613921
recife,timesfm,12,69.31411950974834,0.6549259343246466
recife,xgboost_log,1,38.85196158021675,0.3444862710656432
recife,xgboost_log,2,53.52734154223032,0.4860534526950269
recife,xgboost_log,3,62.31825908655952,0.5749799425562395
recife,xgboost_log,4,70.97229471958536,0.6743057025350446
recife,xgboost_log,5,77.4123493958492,0.7784017116234039
recife,xgboost_log,6,80.36655082920466,0.8110574056734248
recife,xgboost_log,7,82.81217860406737,0.867968996373691
recife,xgboost_log,8,82.54723995215595,0.890597036656146
recife,xgboost_log,9,83.39156882033572,0.8577838943909558
recife,xgboost_log,10,84.14412946575655,0.8207342759151819
recife,xgboost_log,11,81.74446128022959,0.7671005504574886
recife,xgboost_log,12,82.35526102027436,0.7522107787391523
rio,catboost_log,1,56.55507451630952,0.1670127312556469
rio,catboost_log,2,78.60939444314155,0.363552884286096
rio,catboost_log,3,91.8652255339233,0.4966590164858057
rio,catboost_log,4,98.1205945761514,0.5270791673929048
rio,catboost_log,5,100.34968723985784,0.5382556462191186
rio,catboost_log,6,102.48748506459835,0.55152269581345
rio,catboost_log,7,101.66144667142008,0.5646767710541282
rio,catboost_log,8,103.8075738321914,0.586392563176102
rio,catboost_log,9,106.65575899881006,0.6027474673825095
rio,catboost_log,10,108.33492627405512,0.6217414467776547
rio,catboost_log,11,110.00920373475462,0.6425539812020363
rio,catboost_log,12,111.28921309552805,0.6669160868751907
rio,lgbm_log,1,69.5672978312776,0.19053690664562978
rio,lgbm_log,2,82.24016138241234,0.3716283410085324
rio,lgbm_log,3,91.49849485082936,0.5270772628731549
rio,lgbm_log,4,96.5626935736043,0.5844017043340513
rio,lgbm_log,5,100.1042030979535,0.6232168035906108
rio,lgbm_log,6,103.43542478982067,0.6585437459267593
rio,lgbm_log,7,102.56270081838824,0.6494357472891534
rio,lgbm_log,8,105.23114020193192,0.6135736023694978
rio,lgbm_log,9,108.89074478812475,0.6432727268035512
rio,lgbm_log,10,114.63391001780882,0.7096641740274694
rio,lgbm_log,11,119.15129282731635,0.8044882164871727
rio,lgbm_log,12,120.29984279744198,0.8754507280674033
rio,prophet_log,1,97.36257211962382,0.28002106431766405
rio,prophet_log,2,101.1737593369491,0.4123196912134002
rio,prophet_log,3,103.43546003776716,0.5010530420891162
rio,prophet_log,4,105.48024640712144,0.5199155203727434
rio,prophet_log,5,106.50258991045249,0.5274377203720142
rio,prophet_log,6,108.6565431872207,0.5347209905100879
rio,prophet_log,7,110.04047427824189,0.5392008403457627
rio,prophet_log,8,112.58362672220818,0.5440298193431079
rio,prophet_log,9,114.74565276191124,0.5506590044208323
rio,prophet_log,10,116.00892386610353,0.5546918795309138
rio,prophet_log,11,117.74175223566765,0.5571340067956774
rio,prophet_log,12,121.01564045090848,0.5598760110280397
rio,randomforest_log,1,51.94039925260159,0.16529768772138
rio,randomforest_log,2,77.30887380314023,0.39835821949682004
rio,randomforest_log,3,92.08725576396468,0.534427229880067
rio,randomforest_log,4,99.07880543186435,0.5661653985309766
rio,randomforest_log,5,103.54007691946998,0.5736988814156581
rio,randomforest_log,6,101.74950642728949,0.555777213958113
rio,randomforest_log,7,100.92498288010657,0.5488868538275097
rio,randomforest_log,8,98.82219138235676,0.5442966287056997
rio,randomforest_log,9,95.50996166410526,0.5404816987632526
rio,randomforest_log,10,95.2444364154177,0.5377108467283647
rio,randomforest_log,11,99.66514645591224,0.5734788038854898
rio,randomforest_log,12,105.64917415748815,0.6379952510973779
rio,sarimax_log,1,46.36403107015052,0.15377227264989327
rio,sarimax_log,2,71.61789914255414,0.22701794260687125
rio,sarimax_log,3,87.16443774845335,0.6567762085849133
rio,sarimax_log,4,100.9363481159095,1.0376913120834486
rio,sarimax_log,5,102.07955084688889,1.2481707749433082
rio,sarimax_log,6,106.88308428289565,1.0679419356756774
rio,sarimax_log,7,110.10876140870522,1.053875884214412
rio,sarimax_log,8,112.55197085610676,0.9140178321905275
rio,sarimax_log,9,113.34395307835766,0.8828881316685999
rio,sarimax_log,10,121.10643391658621,1.143630907091083
rio,sarimax_log,11,122.31937685510427,1.2210285659992184
rio,sarimax_log,12,126.20162539718255,1.7146511425416344
rio,seasonal_naive,1,107.20396021048832,0.3920037440416471
rio,seasonal_naive,2,107.46001659530052,0.5135442597659012
rio,seasonal_naive,3,107.2103490407238,0.5827275377945883
rio,seasonal_naive,4,105.78144486334739,0.5598023049999025
rio,seasonal_naive,5,104.2960039322784,0.5409645677715766
rio,seasonal_naive,6,103.06094138263452,0.5352474896735901
rio,seasonal_naive,7,102.36882530983266,0.5344699307111864
rio,seasonal_naive,8,101.9597986411786,0.5332802733115405
rio,seasonal_naive,9,101.72526554011455,0.5320789053309402
rio,seasonal_naive,10,102.04105998654389,0.5327404238205844
rio,seasonal_naive,11,102.61465234061482,0.5361220678600974
rio,seasonal_naive,12,103.51426486214066,0.5493818816646986
rio,timesfm,1,55.60661535514215,0.13167868620394427
rio,timesfm,2,74.70254094699925,0.32398289711760625
rio,timesfm,3,88.79788942952648,0.4508677740147312
rio,timesfm,4,99.60187668058637,0.49650834193979937
rio,timesfm,5,100.22286232722901,0.520442107318732
rio,timesfm,6,105.36213699681453,0.5318567325508048
rio,timesfm,7,106.85816213358271,0.5364876974980416
rio,timesfm,8,106.99465222148302,0.5398266268409752
rio,timesfm,9,107.17295274914778,0.5389523482188449
rio,timesfm,10,104.7355505812128,0.541096049420871
rio,timesfm,11,106.26818418697044,0.5430518793565201
rio,timesfm,12,105.3158237025152,0.5484692720019642
rio,xgboost_log,1,55.85119005233872,0.2311501401230424
rio,xgboost_log,2,76.77366386517653,0.453079022199924
rio,xgboost_log,3,96.15904451821024,0.6440995312468386
rio,xgboost_log,4,106.05338235095691,0.7139740475524589
rio,xgboost_log,5,111.15477911563107,0.764232153490025
rio,xgboost_log,6,115.331003652521,0.792449107050425
rio,xgboost_log,7,116.04672210540338,0.7910704134711164
rio,xgboost_log,8,110.12985493936843,0.7590670288085463
rio,xgboost_log,9,107.5736171103022,0.7212213761250967
rio,xgboost_log,10,103.72557413180611,0.6869815813589648
rio,xgboost_log,11,108.23620319334185,0.7297113550292811
rio,xgboost_log,12,111.23984915915189,0.7305495408416111
salvador,catboost_log,1,37.27339406257477,0.549042477403861
salvador,catboost_log,2,50.6400611735111,0.7914493484685824
salvador,catboost_log,3,61.520843188020464,0.9932247678030092
salvador,catboost_log,4,71.63425590514906,1.12868639704579
salvador,catboost_log,5,76.07390174280165,1.1883844944732693
salvador,catboost_log,6,78.3949178103247,1.2355767584638508
salvador,catboost_log,7,80.6957636045801,1.2819569669712818
salvador,catboost_log,8,81.34371437047973,1.2968613436871517
salvador,catboost_log,9,81.12083674668503,1.2985804933677791
salvador,catboost_log,10,81.56935938935344,1.2886806905977957
salvador,catboost_log,11,81.70766973743432,1.2656551682154948
salvador,catboost_log,12,80.12277296369028,1.240136872120065
salvador,lgbm_log,1,41.77938617606685,0.5998074607079473
salvador,lgbm_log,2,54.81822121333582,0.8367856839388802
salvador,lgbm_log,3,63.387490788783666,1.020135172724966
salvador,lgbm_log,4,70.94030922449744,1.1282514525181295
salvador,lgbm_log,5,74.42395646445614,1.170495585784099
salvador,lgbm_log,6,76.33375446084412,1.1951060019279836
salvador,lgbm_log,7,77.6521540697758,1.23182360362045
salvador,lgbm_log,8,77.40307720813855,1.2085115972174043
salvador,lgbm_log,9,79.30840344894594,1.2394338338619102
salvador,lgbm_log,10,83.13624750347911,1.3191229370583046
salvador,lgbm_log,11,84.00453341740432,1.344738401162456
salvador,lgbm_log,12,84.90734848800717,1.3510985753646674
salvador,prophet_log,1,78.13331650064468,1.0940848339908127
salvador,prophet_log,2,82.0432847692183,1.2075171968398457
salvador,prophet_log,3,84.58509193586046,1.307390896827377
salvador,prophet_log,4,86.4620819541488,1.3611934722172467
salvador,prophet_log,5,88.45776175874083,1.402665909403065
salvador,prophet_log,6,90.08446105292704,1.4336971132084013
salvador,prophet_log,7,91.37513101509553,1.4489394290642825
salvador,prophet_log,8,92.25838514375764,1.4729347367289682
salvador,prophet_log,9,92.71670378468,1.4958771234747914
salvador,prophet_log,10,92.78775804131936,1.5172733968004943
salvador,prophet_log,11,93.43297146761417,1.5497768686351185
salvador,prophet_log,12,94.88598168145072,1.5764946695787871
salvador,randomforest_log,1,34.39657711542659,0.490314372244226
salvador,randomforest_log,2,47.66206450979826,0.7363337028336816
salvador,randomforest_log,3,57.08873278570176,0.9197818710041906
salvador,randomforest_log,4,65.83443956788037,1.0620827556022385
salvador,randomforest_log,5,71.2292284028942,1.1272193943663564
salvador,randomforest_log,6,76.24129700985158,1.199258424762718
salvador,randomforest_log,7,80.39059780944376,1.2556495908237655
salvador,randomforest_log,8,82.00536161624953,1.2800333440185852
salvador,randomforest_log,9,83.28930771540384,1.2811669653199114
salvador,randomforest_log,10,84.17918578561765,1.297794964341251
salvador,randomforest_log,11,83.77767963149967,1.2966545701276153
salvador,randomforest_log,12,85.34011134637595,1.3338366990048347
salvador,sarimax_log,1,36.71914289664907,0.5788900676609234
salvador,sarimax_log,2,48.80653118578607,0.8707481576021897
salvador,sarimax_log,3,59.746650080529875,1.1314072071165129
salvador,sarimax_log,4,72.21744618264823,1.4305680136173327
salvador,sarimax_log,5,77.0224073200959,1.5576962458371104
salvador,sarimax_log,6,82.665549995285,1.737715808203134
salvador,sarimax_log,7,88.76943755857536,1.9754194237986338
salvador,sarimax_log,8,92.26702805948275,2.1420856948414717
salvador,sarimax_log,9,95.03462487163598,2.5091395007231823
salvador,sarimax_log,10,98.73209637450127,3.029031937447978
salvador,sarimax_log,11,99.83636843940359,3.5028320438553116
salvador,sarimax_log,12,101.72381495366608,3.9741196746214156
salvador,seasonal_naive,1,87.98548451905596,1.357002934627202
salvador,seasonal_naive,2,88.35539702763167,1.423157322229253
salvador,seasonal_naive,3,88.71623166030378,1.4870225782364195
salvador,seasonal_naive,4,88.02595619281465,1.4866471570613284
salvador,seasonal_naive,5,87.33225674760514,1.485572087515889
salvador,seasonal_naive,6,86.97913651258949,1.5003990947746093
salvador,seasonal_naive,7,87.24245928559063,1.5359540991192424
salvador,seasonal_naive,8,87.03154823778151,1.5475154514713916
salvador,seasonal_naive,9,86.2718658142383,1.550311620728393
salvador,seasonal_naive,10,86.32624436432646,1.5628721142925641
salvador,seasonal_naive,11,86.03503627484999,1.572203705856475
salvador,seasonal_naive,12,85.5846648296329,1.578745881098618
salvador,timesfm,1,32.97593706192173,0.44039496611445156
salvador,timesfm,2,48.120238428774655,0.7279564681362156
salvador,timesfm,3,58.09678623945029,0.9439309198738265
salvador,timesfm,4,66.18373483624849,1.0611719374771618
salvador,timesfm,5,68.15934148912888,1.1113522588696507
salvador,timesfm,6,72.4046191969491,1.1493794407290563
salvador,timesfm,7,74.278726604454,1.15777630240569
salvador,timesfm,8,77.559605144166,1.1876015751671944
salvador,timesfm,9,79.5754890547539,1.2143836204769487
salvador,timesfm,10,80.83795276295065,1.2395346615640717
salvador,timesfm,11,82.53856743264645,1.2729997353952223
salvador,timesfm,12,85.52805409253021,1.321457058431006
salvador,xgboost_log,1,34.651443190345766,0.49176531089572445
salvador,xgboost_log,2,48.71806929201321,0.7342659287569118
salvador,xgboost_log,3,58.6800882537993,0.9368203167356868
salvador,xgboost_log,4,67.19785853590552,1.0849814448234203
salvador,xgboost_log,5,72.43656804901927,1.1527386948349019
salvador,xgboost_log,6,76.6707986539336,1.2485430361369132
salvador,xgboost_log,7,84.31008553135021,1.3377796646566673
salvador,xgboost_log,8,82.24585238734731,1.3141280951696297
salvador,xgboost_log,9,83.40222694040175,1.3214926001909943
salvador,xgboost_log,10,85.5090678637973,1.3689315788180527
salvador,xgboost_log,11,85.1894130547138,1.3553263744982984
salvador,xgboost_log,12,87.01295010949792,1.38418889743972
sao,catboost_log,1,47.750424144111356,1.2233373394390556
sao,catboost_log,2,62.35444736778972,1.9548973147882829
sao,catboost_log,3,70.38441236168977,3.2013728867320843
sao,catboost_log,4,74.98511429107388,4.231752031782906
sao,catboost_log,5,76.18963002203584,4.854341520758849
sao,catboost_log,6,79.16289604536496,5.10604081117535
sao,catboost_log,7,80.29752978052049,5.146790984782989
sao,catboost_log,8,80.82275517069455,5.15292573387371
sao,catboost_log,9,81.95734716381052,5.153545145992217
sao,catboost_log,10,83.36297962683314,5.1911727985139535
sao,catboost_log,11,84.00899079880773,5.236210803678346
sao,catboost_log,12,85.92885533606847,5.456443426487206
sao,lgbm_log,1,58.425084714451174,1.4015414132967268
sao,lgbm_log,2,73.71351510983824,2.1031819300866514
sao,lgbm_log,3,85.49256505478594,3.4030971992794266
sao,lgbm_log,4,88.98918043548441,4.401341996294214
sao,lgbm_log,5,92.60479994453424,5.037160030227676
sao,lgbm_log,6,95.74976079651748,5.310677822126866
sao,lgbm_log,7,97.07812341825786,5.330092349988223
sao,lgbm_log,8,95.24577182023832,5.2917275761949405
sao,lgbm_log,9,92.92419047658181,5.262253779504331
sao,lgbm_log,10,95.49466518469657,5.268674374885324
sao,lgbm_log,11,96.43077036520805,5.366514102614923
sao,lgbm_log,12,94.98570142583027,5.609360240883787
sao,prophet_log,1,66.9321359188897,1.3665590683537785
sao,prophet_log,2,70.9982450918298,1.966702229383567
sao,prophet_log,3,74.46685935775872,3.173456614752064
sao,prophet_log,4,76.76652209391773,4.160955162438003
sao,prophet_log,5,78.18665042316364,4.7652023835066295
sao,prophet_log,6,78.6907690570579,5.02126654490996
sao,prophet_log,7,78.87703501084614,5.069066266123611
sao,prophet_log,8,78.86626839963095,5.157689037009636
sao,prophet_log,9,79.47228715798073,5.239067252015265
sao,prophet_log,10,79.93635205045132,5.291592768736967
sao,prophet_log,11,81.31886184523026,5.419743162677058
sao,prophet_log,12,82.74033169663633,5.671735990713202
sao,randomforest_log,1,46.767948283844525,1.1676242193300779
sao,randomforest_log,2,63.71163364927695,1.9393939786121477
sao,randomforest_log,3,74.38342533450894,3.2307780548334857
sao,randomforest_log,4,79.63776060423865,4.277638621027215
sao,randomforest_log,5,81.49752790961332,4.905467467514033
sao,randomforest_log,6,82.8589460828979,5.139716769365871
sao,randomforest_log,7,82.54340764447927,5.165107744021155
sao,randomforest_log,8,81.03495987551533,5.147277498659648
sao,randomforest_log,9,79.76307640515454,5.110374466981849
sao,randomforest_log,10,81.11055803878193,5.144480764996101
sao,randomforest_log,11,83.51103542307888,5.226682474174178
sao,randomforest_log,12,86.97603846122342,5.480129746026444
sao,sarimax_log,1,48.09710745214166,1.171413347334563
sao,sarimax_log,2,68.61672108617577,2.8179784410307454
sao,sarimax_log,3,82.75935288876954,4.656004160202653
sao,sarimax_log,4,89.20206906877154,4.91909221051368
sao,sarimax_log,5,94.04476500342857,5.017392766887874
sao,sarimax_log,6,97.51324543361427,5.564551760049656
sao,sarimax_log,7,98.48776411540085,5.718083525684669
sao,sarimax_log,8,96.58896524438472,6.080674245111624
sao,sarimax_log,9,93.40779472125813,6.150877259664955
sao,sarimax_log,10,94.37038280796385,6.774557178641565
sao,sarimax_log,11,91.8119769358658,7.702472993729868
sao,sarimax_log,12,99.1599691511991,8.504902324044139
sao,seasonal_naive,1,73.69612665565401,1.5848684190522397
sao,seasonal_naive,2,75.13985965348162,2.1505733153309476
sao,seasonal_naive,3,76.45813127177911,3.3233901325263173
sao,seasonal_naive,4,77.23237486272886,4.3186220409536755
sao,seasonal_naive,5,77.64246421520102,4.948170490264417
sao,seasonal_naive,6,77.91565439674041,5.173552450095095
sao,seasonal_naive,7,78.21889047323408,5.198180371602312
sao,seasonal_naive,8,78.62820646215779,5.20937270100651
sao,seasonal_naive,9,78.87477483425374,5.227713952750593
sao,seasonal_naive,10,79.07982189718999,5.245608191034774
sao,seasonal_naive,11,79.25474462078006,5.328875271214877
sao,seasonal_naive,12,79.17966186430257,5.505616243884557
sao,timesfm,1,44.49087638623917,0.986032988389271
sao,timesfm,2,60.4667664210978,1.8693985209124653
sao,timesfm,3,73.22134182062861,3.1748161495338247
sao,timesfm,4,79.53944179340736,4.2257681787435395
sao,timesfm,5,83.21950126025398,4.859960090238517
sao,timesfm,6,88.50743080447998,5.111947259503964
sao,timesfm,7,87.12843861709611,5.1421046369889085
sao,timesfm,8,83.33400569357282,5.158020519772491
sao,timesfm,9,82.50714371529084,5.180246672599316
sao,timesfm,10,83.32329282723956,5.216012118245529
sao,timesfm,11,86.40143831345105,5.32553017619855
sao,timesfm,12,83.91926763419046,5.527409031254154
sao,xgboost_log,1,52.92110567620885,1.199383551262797
sao,xgboost_log,2,66.7200367837758,1.9257243952256253
sao,xgboost_log,3,76.29762301179998,3.2272709755151694
sao,xgboost_log,4,81.88828962262329,4.296093261604692
sao,xgboost_log,5,89.23604830656882,4.950671952874316
sao,xgboost_log,6,88.84584631226097,5.171754957630046
sao,xgboost_log,7,89.5040238546792,5.203271952562731
sao,xgboost_log,8,86.57139318721936,5.1791340286320935
sao,xgboost_log,9,84.14946123386098,5.016391256094459
sao,xgboost_log,10,85.17460596767404,5.109015771273916
sao,xgboost_log,11,86.67524916599409,5.343872318173027
sao,xgboost_log,12,86.42654507927122,5.577952227793697
