city,model,n_predictions,n_origins,smape,smape_lo,smape_hi,mae,mae_lo,mae_hi,rmse,rmse_lo,rmse_hi,mase,mase_lo,mase_hi,rank_smape,rank_mase
sao,timesfm,1308,109,71.7384600905172,57.91322559458962,81.26511120002505,2179.516720943859,1213.5038671161055,2853.7262140590456,4909.637462602761,2384.916607637641,6663.620099537182,1.21085443181534,0.4909428730981663,1.6936090646173123,4,1
sao,catboost_log,1308,109,69.43989344337224,55.00592971679801,77.28365687780945,2169.425813162767,1081.1783347911096,2928.890579708175,5146.850896989005,2416.5707198099935,7000.424435393526,1.2212234354235865,0.44730179088609257,1.7436440213535638,1,2
sao,xgboost_log,1308,109,75.4721386962829,65.15386577043508,82.24242354316243,2263.890507934166,1197.251284282502,3055.8876703610417,5049.386762874373,2443.297670847626,6815.253235196139,1.239746194858802,0.4971587192812529,1.7702912126662846,6,4
sao,randomforest_log,1308,109,71.49869653466196,57.89885560159456,79.84306842580352,2203.4698183620585,1124.7908571298158,2940.757400791302,5059.116741954206,2422.5887723863416,6823.306971412861,1.2298163341134816,0.47063592822681066,1.739893206952729,3,3
sao,lgbm_log,1308,109,87.9331234381118,80.17016840905303,92.99635006214902,2828.837466119799,1799.6564197734126,3581.4055201872134,5581.970058821078,2981.1533371535015,7477.245995526084,1.5115318101301167,0.7493906931202649,2.069632814741205,8,7
sao,sarimax_log,1308,109,86.29694268495321,74.5143060197915,100.27183874236114,5394.2779752626075,2506.8497278573836,8333.923318198349,17121.1841617811,7694.129707098393,23255.122725457506,2.7338205961602973,1.0386880400289962,4.3354804788435,7,8
sao,prophet_log,1308,109,70.57427310355499,56.66142730194764,81.54316509828841,2464.0992705877948,1508.7923080326148,3204.8457913446005,4884.073714226273,2851.826970819475,6218.307560209882,1.2949820204632,0.6065614706533313,1.7237718275119132,2,5
sao,seasonal_naive,1308,109,72.72689028299403,63.51753759964758,82.96345287208362,2775.545871559633,1694.0434824159022,3832.6296827217125,6101.51954002015,3568.1550573763434,8253.382757460175,1.4444803192847442,0.6963445673489653,1.9977687165848634,5,6
rio,timesfm,1308,109,95.99857815809672,81.9862008648634,108.28011104413332,1104.7816223937803,683.8817561840792,1376.256393114142,1806.6804240961926,1258.631954052592,2056.0790869124708,0.21643261899982494,0.12848299718792286,0.2708714799152474,3,2
rio,catboost_log,1308,109,95.94812181422087,74.07442685540941,114.39047117036141,1523.3734032829518,700.3566930675765,2472.3301329051956,2866.059495739618,1278.0171454360534,4225.572988109079,0.26680440716072684,0.1470689484163239,0.3927253374027837,2,4
rio,xgboost_log,1308,109,101.2573032985579,85.92202877284163,112.73402995689774,2646.9929760105424,873.9875990287788,4753.950390111435,6583.152077704093,1625.7566812341327,9767.055435099981,0.43244723042337474,0.18025378496190542,0.7189547479062972,4,8
rio,randomforest_log,1308,109,91.24693096642717,71.14391931279012,104.08188222541182,1412.9973480247345,603.1700280977632,1953.4444160064131,2835.1370818797495,1295.720963475151,3527.5853059116475,0.24767805752852778,0.12447417241830447,0.3155425745482432,1,3
rio,lgbm_log,1308,109,101.31085347748618,82.47722342320948,114.32196215680169,1962.8991794938047,982.1882516242532,2976.2265984813216,3415.5410665317772,2050.858523888228,4597.2395921932375,0.35501051881159035,0.1935272494435601,0.503397425840485,5,6
rio,sarimax_log,1308,109,102.83471565936247,91.89191259223375,114.18893769792592,2042.898449441897,869.6850593771964,3532.2699619048694,6343.830923935069,2566.488732365829,9595.736911749214,0.3678762271340242,0.1647632257949036,0.5774561254478204,6,7
rio,prophet_log,1308,109,103.01369552392437,77.5430604823188,120.39418490672092,1068.0494139658704,587.2557176459641,1425.9508063847504,1990.4420715945187,1213.3658640915119,2458.484323533231,0.2068821736650127,0.1122441483913343,0.26708607678321,8,1
rio,seasonal_naive,1308,109,102.84546247857975,85.5989485290449,115.68499107441612,1490.711009174312,873.7548165137615,1758.340863914373,2918.524265249503,1804.2223400628588,3104.9749605179436,0.2745438224429999,0.1679413898461301,0.31887092398246536,7,5
belo,timesfm,1308,109,95.50694197892294,82.68390402151407,109.70395009915704,4424.311122695969,2497.628464660878,7013.176578893864,10474.346192340909,5992.5525022925085,14971.99987940306,0.6353707100763833,0.3327063513710005,1.0460316961073906,7,3
belo,catboost_log,1308,109,57.06012552151401,42.066195299923265,72.07278110269935,3716.5699312654006,1454.8385509602226,6730.840596524482,11009.095036796429,5676.99596736267,15873.603748270238,0.5449698612069654,0.1937527456913087,1.0245734579645573,1,1
belo,xgboost_log,1308,109,72.65263628625435,53.954323603501955,85.41247749015191,4713.926814967164,2078.8550577439605,7808.840848661077,12060.141832126244,7033.73284785322,16714.05780419079,0.6809599357487267,0.2874132179426213,1.1511249069551241,3,5
belo,randomforest_log,1308,109,66.5253311319277,47.538383674734256,81.02376385216006,4308.164017606984,1792.4693120895881,7474.767017168408,11516.69923570924,6322.83871991679,16249.673115848118,0.6229483391066867,0.2456055155892574,1.1063950976773365,2,2
belo,lgbm_log,1308,109,89.6725366029834,79.69404505816973,101.96772470346345,5651.147215015608,3835.1621876908375,8188.894307712482,11920.768193869355,7950.998703649296,16128.26605519761,0.7882160402951282,0.5048680100160449,1.1949325311142422,6,6
belo,sarimax_log,1308,109,97.0772637983559,89.71404120251181,109.00791698007687,15661.693302832049,4036.317077375691,34709.40858542356,95613.80985842412,10559.50730604656,163042.82940886248,2.1057614181572357,0.5456459017076948,4.590899287852053,8,8
belo,prophet_log,1308,109,76.02256583682946,65.79799466901245,85.60396118339997,4526.386178842749,2567.7158798899377,7221.520904773244,11216.555644481215,6289.335696419372,15796.05749204889,0.6484952368163909,0.3339536460059607,1.0788510421306048,4,4
belo,seasonal_naive,1308,109,77.69017130565786,66.3231174087302,85.11035009376403,6837.896788990825,4034.3232224770645,10094.119132262997,15907.190335722751,11524.25783486033,20069.86708679552,0.9624014281182803,0.5547929028404178,1.4201946481980277,5,7
brasilia,timesfm,1308,109,72.35532681598737,60.87504161031459,86.98187415603883,1826.2021352785443,1056.2101711424848,2743.378177795206,3479.4057473057865,2210.318851043836,4614.965004574766,1.4544856153349823,0.8961536872300903,2.167954377596925,1,1
brasilia,catboost_log,1308,109,75.4462985209269,68.64136112098538,85.3344712491905,1960.2179994457806,1244.6352817617571,2818.761648089957,3617.684875874503,2392.4430070346293,4789.4507537760055,1.5688988085510156,1.084256066620555,2.1909510913764865,3,2
brasilia,xgboost_log,1308,109,88.82819958685431,77.37013256265277,102.16970973932814,2206.4710778115295,1421.451774326094,3103.7836200495294,3897.656626169777,2612.466618969863,5141.199131655491,1.76019421274113,1.2284068123133207,2.39167326467271,8,5
brasilia,randomforest_log,1308,109,80.2201070743297,69.43894391635152,92.54366627649041,2048.1527901947416,1240.8936215038166,2960.485613427169,3760.182113378963,2462.1919244533383,4961.190379669134,1.6452177631152871,1.0798191181233305,2.341001835426421,6,4
brasilia,lgbm_log,1308,109,82.67840002554357,76.0315349539479,91.37406983244495,2041.2410444557238,1370.2957030694758,2836.0397120569405,3485.701303597164,2333.315831566313,4583.080315416833,1.6315446938036209,1.1828445178741291,2.196011626024765,7,3
brasilia,sarimax_log,1308,109,78.92554682749588,70.28054709904865,90.9607722078989,3723.028550605589,2044.6180246590786,5530.869662017071,9135.170939413229,4750.341885421314,12963.881035259099,2.9084743177050028,1.6824029681737935,4.3929517030849325,4,8
brasilia,prophet_log,1308,109,79.30440891672536,63.63199793098892,95.53884792962155,2244.2703003912243,1465.7612418341407,2826.8326928438396,3750.8840543885167,2562.608340098669,4509.417780370841,1.8195800626121335,1.243586158448938,2.346541351723082,5,7
brasilia,seasonal_naive,1308,109,72.60661056069975,63.897577565556816,84.88746186088122,2302.9113149847094,1449.1918386850155,3150.614698012232,4039.029009104965,2786.1540933109077,4993.8483665197,1.8000838311596208,1.2866656361177709,2.369460191647241,2,6
fortaleza,timesfm,1308,109,66.46075817766419,60.19230843024291,76.47380108114955,1515.0546002169267,1072.0231574058532,2046.9708055539957,2815.6971310638414,1964.3076553056792,3581.3257945397445,0.6987259374251233,0.4915161942086924,0.9441810410700917,1,1
fortaleza,catboost_log,1308,109,71.90420484103089,57.98138428067046,87.82215067173233,1665.0580124263079,1145.3679575551344,2200.777318764701,2924.9410379754518,2062.669514201804,3691.3858971523387,0.7677132563136226,0.5311142472419534,1.012638130264193,5,3
fortaleza,xgboost_log,1308,109,79.7209404964515,66.39462447560855,91.95868199357844,2070.079335141807,1497.8486906176315,2612.4977569971766,3495.5526113397896,2678.9362393395886,4140.209950580916,0.944982224932485,0.6815402480923737,1.189451594445066,8,7
fortaleza,randomforest_log,1308,109,68.33867638909776,54.655493760978324,84.69643526111587,1585.4203058851385,1082.1763121423328,2192.024896012907,2890.9721865326046,1993.5461678935699,3703.8760667026327,0.7259929784781504,0.49706194357718203,1.001881271340228,2,2
fortaleza,lgbm_log,1308,109,74.74524126528146,65.09329636929702,85.92095137340586,1897.4855650843247,1365.3571502259854,2407.71682519721,3156.7881489176266,2375.4356459741316,3846.706942876658,0.8811642361962179,0.6278931484240154,1.1208039637849951,7,6
fortaleza,sarimax_log,1308,109,74.15587667106593,64.19939389677332,84.48746368689157,2378.0273779786844,1434.5380167293188,3637.9458971101676,5663.2879249389425,2931.740420977495,8135.306560613836,1.1050358495847583,0.6656094692372019,1.6895475971985232,6,8
fortaleza,prophet_log,1308,109,71.7692330526626,60.98190768875774,90.1669207575499,1705.5029374932667,1288.7097877447163,2219.013211744982,2892.8547269770984,2257.487078447959,3511.904718111403,0.7827906182211726,0.5835814936430611,1.0192561508590223,3,4
fortaleza,seasonal_naive,1308,109,71.90100477107094,59.82475250237152,88.51657406455016,1770.0902140672783,1189.1440558103975,2389.2081422018337,3162.632110112457,2207.4144327807007,3925.811838227594,0.8160053165398365,0.5430201831631238,1.0953762820606043,4,5
recife,timesfm,1308,109,66.65863016410424,56.13458001533449,80.06223162420353,735.1852047538174,344.56515895394375,1279.0839211049795,1501.3408362152823,588.0569298480915,2217.9426283112307,0.5805217250348921,0.23735305149193822,1.0603179060623353,2,1
recife,catboost_log,1308,109,65.29638196015974,48.17414805320631,82.83678022635769,851.3072653455786,458.09654041351746,1363.8516031257889,1655.7593631636773,968.9290069384698,2286.6086488917354,0.665785973874235,0.3197288682210795,1.1266352502040322,1,2
recife,xgboost_log,1308,109,72.43297774937479,56.25816577005172,88.5534652556226,930.4049517416641,500.46058555208833,1442.8040322712693,1775.3396814576927,1073.9362307879235,2349.8494785305393,0.7213261429689437,0.356631787269881,1.1656266723577406,4,4
recife,randomforest_log,1308,109,69.78821504855466,55.558851865912175,83.65999620350642,936.0900592715577,542.8026350245844,1390.9399037782478,1702.5658358726273,1105.3580490797165,2229.9921846048196,0.7212051088578644,0.38635235109088467,1.1323369843053817,3,3
recife,lgbm_log,1308,109,76.95506774195565,62.94578204016116,89.33526626941583,987.2191380680199,603.1571899894434,1453.5759322986237,1723.6234325291082,1061.2140915462999,2330.4992806356795,0.767877932892742,0.424616544499091,1.199017727539078,5,5
recife,sarimax_log,1308,109,86.64130026460876,74.37436467566381,98.24673094567132,2342.8588595017227,596.330074146534,5164.880145582978,11482.761582400379,1232.5041993601828,19522.19674289264,1.8100099719052252,0.4257414364979683,4.026750043005131,8,8
recife,prophet_log,1308,109,82.65341077778962,65.8607659783114,106.73068868802997,1103.7244493960409,475.79218957016747,1958.0063186390128,2052.4773042635506,819.7481655230494,2950.70232513529,0.8214575360090841,0.3235002076377379,1.465192351216813,6,6
recife,seasonal_naive,1308,109,83.97396815274392,67.54923051007988,103.94338129263672,1189.9503058103976,612.952752293578,1952.5982607033634,2078.8134235664343,1215.4184361924442,2840.3682153557243,0.8908929099882655,0.4363114903180866,1.500178394185187,7,7
manaus,timesfm,1308,109,54.10756891794962,45.4353521208981,61.88479710155588,222.35989183315078,141.42075209267642,303.3395947384907,367.25114807694126,220.97432404411134,474.18990341021714,0.12227179881271866,0.09285626602216593,0.15166615365995006,4,3
manaus,catboost_log,1308,109,54.72340115360838,47.54007135959904,63.044881940871555,227.7724845784693,146.8625245026999,315.75065979176856,370.621268017458,205.26957648019334,485.90830163544456,0.125489883490942,0.09693516940954054,0.15952314533734302,5,4
manaus,xgboost_log,1308,109,53.001512895419104,43.912154285044124,62.39809378397238,257.8543085440888,144.15161247696307,383.962867383832,521.6868078434784,224.4313688012924,747.382041021345,0.1393815706869343,0.09534995290862992,0.18510817186049935,3,5
manaus,randomforest_log,1308,109,51.9294332652527,44.15120814961007,59.15349103659458,208.8755080717132,130.34820815523338,289.3374613392767,340.4876643509454,182.75588994835104,450.100494612495,0.11699583749290582,0.08463285584924192,0.14792391222351894,2,2
manaus,lgbm_log,1308,109,61.954829421066016,54.140187663196414,70.48415293031296,255.96276414337916,197.29868400552752,322.39721678544845,368.0759646329819,288.42302250144473,451.9674480899918,0.1524489762659578,0.12083550765906738,0.19145039545084871,8,8
manaus,sarimax_log,1308,109,59.76777460231655,49.70988371920623,72.23441430462071,249.86542289964333,167.85834235698175,340.25553991858067,402.7830033466777,287.4061772140416,503.7023593113109,0.14598406102126962,0.0989266760239806,0.210060867588366,7,7
manaus,prophet_log,1308,109,49.75489801062226,39.335705718823434,57.073810750305455,209.0850770533228,124.44299323153034,266.13858164605784,358.0174236660268,202.53443342427386,420.63709460687085,0.11222900964617037,0.07916285869738351,0.14165350300133386,1,1
manaus,seasonal_naive,1308,109,56.6153860882149,45.080033552930516,68.54888266535737,249.22706422018348,162.6478402140673,318.27891819571863,417.2948039023663,271.1474737860105,475.35531685705917,0.1450954433913614,0.09846433226659958,0.19773121376388994,6,6
salvador,timesfm,1308,109,69.49726613930636,57.68714856945809,82.0735311331533,364.2933356667148,237.12507200591062,466.86273986542255,572.388042697284,334.43432516336975,684.8001617108616,0.9716451910559976,0.6126376366998653,1.3522303275945255,1,1
salvador,catboost_log,1308,109,70.75100641146632,53.7230150681898,86.96883384914393,383.1221800530992,223.1462158552468,518.1006080998743,601.5399002458587,349.83022117939106,747.6978124978859,1.011125932741425,0.5687569080752326,1.500471632689556,2,2
salvador,xgboost_log,1308,109,71.31202743549517,53.5440617520586,83.11897806852828,392.8220229786186,220.89551297271385,496.64606356293035,621.5869276899083,369.08111639507405,723.0780576321858,1.0312496132917313,0.5703199009043622,1.414113648242571,3,4
salvador,randomforest_log,1308,109,72.07080489888521,54.19439849045259,86.12916503069647,385.36149940316903,217.05582495634687,497.32010308514054,599.0765769378855,345.882514301289,701.8942945991273,1.0193078974283774,0.5583478320767021,1.4102140943687498,4,3
salvador,lgbm_log,1308,109,72.14668419154171,62.83207818829768,82.81383281250557,389.16315646451096,265.1570905913735,486.02584374062747,563.8264533295726,383.50639987733285,669.3138959747637,1.0379089061230562,0.6910118978621734,1.3946400410178459,5,5
salvador,sarimax_log,1308,109,78.77202024211769,60.590128120226574,98.30204294251625,609.2597931885775,286.8492837306515,1025.2010797330972,1187.927802885662,559.8735961488622,1792.525988590391,1.6257620217813775,0.7506360281999027,2.7666088043259136,6,8
salvador,prophet_log,1308,109,84.91359848993527,65.04087396622235,102.99922847871727,473.0435431026953,290.7053296506641,619.4335209997861,709.090872205584,437.4554804311112,848.890699225173,1.257931688380066,0.7562792104511961,1.7727236460826128,7,6
salvador,seasonal_naive,1308,109,87.36181593189912,60.63099346603008,110.68451166872268,532.059633027523,291.9152331804281,761.146368501529,801.2639709049299,493.92720707752807,998.8989472310668,1.3977475030579798,0.7517368464985517,2.0922203510468687,8,7
