city,model,smape_v1,smape_v2,abs_diff
sao,timesfm,78.00491141477795,78.00491210724564,6.924676938524499e-07
sao,catboost,78.7398316918171,78.73983169181716,5.684341886080802e-14
sao,xgboost,84.84967859642727,84.84967859642722,4.263256414560601e-14
sao,sarimax,87.0553323278433,87.05533261368547,2.858421623841423e-07
sao,randomforest,87.32925647006505,87.32925647006505,0.0
sao,lgbm,119.79458565528142,119.79458565528144,1.4210854715202004e-14
rio,timesfm,96.80325225451892,96.80327060926747,1.835474854772201e-05
rio,xgboost,119.6756836135364,119.67568361353646,5.684341886080802e-14
rio,catboost,126.41049040353468,126.41049040353475,7.105427357601002e-14
rio,randomforest,133.27206144012948,133.27206144012948,0.0
rio,sarimax,135.56823953840944,135.5682394778433,6.056615120542119e-08
rio,lgbm,154.6649303757913,154.66493037579133,2.842170943040401e-14
belo,xgboost,88.73486244610305,88.73486244610311,5.684341886080802e-14
belo,randomforest,90.23895246848636,90.23895246848636,0.0
belo,catboost,95.19079090426524,95.1907909042652,4.263256414560601e-14
belo,timesfm,97.06738653456742,97.06736433188581,2.220268160613159e-05
belo,sarimax,134.0408865145762,134.04088233084101,4.183735171636727e-06
belo,lgbm,151.3541700550216,151.3541700550215,8.526512829121202e-14
brasilia,timesfm,74.26254441287442,74.26254816262605,3.7497516274243026e-06
brasilia,catboost,76.62084834876009,76.6208483487601,1.4210854715202004e-14
brasilia,randomforest,82.38484097204773,82.38484097204775,2.842170943040401e-14
brasilia,xgboost,83.74195123127187,83.74195123127184,2.842170943040401e-14
brasilia,lgbm,100.54992554817466,100.54992554817464,1.4210854715202004e-14
brasilia,sarimax,103.16227044881532,103.1622686229768,1.825838523927814e-06
fortaleza,timesfm,64.19935336124858,64.1993458790512,7.48219738966327e-06
fortaleza,catboost,77.54171857328072,77.5417185732807,1.4210854715202004e-14
fortaleza,sarimax,87.60731411440534,87.60731496358834,8.491829959211827e-07
fortaleza,xgboost,89.3730530758959,89.37305307589588,1.4210854715202004e-14
fortaleza,randomforest,98.39914407887451,98.39914407887453,1.4210854715202004e-14
fortaleza,lgbm,102.07898940368544,102.07898940368547,2.842170943040401e-14
recife,timesfm,67.26769732957109,67.26770247585142,5.146280329881847e-06
recife,randomforest,81.22168754093593,81.22168754093595,1.4210854715202004e-14
recife,catboost,83.25177854595147,83.2517785459515,2.842170943040401e-14
recife,xgboost,83.30177740135876,83.30177740135878,1.4210854715202004e-14
recife,sarimax,105.64775770027,106.10748888714625,0.45973118687624037
recife,lgbm,111.15702254873445,111.15702254873447,2.842170943040401e-14
manaus,timesfm,56.03797261871413,56.03797277255539,1.538412632839936e-07
manaus,xgboost,65.48119269967924,65.48119269967923,1.4210854715202004e-14
manaus,randomforest,67.86581774220956,67.86581774220954,1.4210854715202004e-14
manaus,catboost,70.9320495423953,70.93204954239535,4.263256414560601e-14
manaus,lgbm,94.80346607428612,94.80346607428612,0.0
manaus,sarimax,99.72728305711284,99.72728318446642,1.2735357302062766e-07
salvador,timesfm,68.85492344288473,68.85492102866449,2.4142202335042384e-06
salvador,xgboost,72.08076665463464,72.08076665463467,2.842170943040401e-14
salvador,randomforest,73.72019392350984,73.72019392350981,2.842170943040401e-14
salvador,catboost,76.04017910060763,76.0401791006076,2.842170943040401e-14
salvador,lgbm,82.16036903027458,82.16036903027462,4.263256414560601e-14
salvador,sarimax,90.97602726037314,90.97603478439588,7.524022734628488e-06
